correct 	2.6secs 	What is 11 * 2? 	== 	22 	RunAve=runAve: 1/1 100% 	Sat Jan 09 2021 18:49:24 GMT-0600 (Central Standard Time)
wrong 	1.5secs 	What is 4 + 1? 	!= 	4 	RunAve=runAve: 1/2 50% 	Sat Jan 09 2021 18:50:23 GMT-0600 (Central Standard Time)
correct 	4.3secs 	What is 4 + 1? 	== 	5 	RunAve=runAve: 2/3 66% 	Sat Jan 09 2021 18:51:26 GMT-0600 (Central Standard Time)
correct 	4.5secs 	What is 2 - 5? 	== 	-3 	RunAve=runAve: 3/4 75% 	Sat Jan 09 2021 18:51:46 GMT-0600 (Central Standard Time)
correct 	2.7secs 	What is 6 + 0? 	== 	6 	RunAve=runAve: 4/5 80% 	Sat Jan 09 2021 21:27:05 GMT-0600 (Central Standard Time)
correct 	3.4secs 	What is 2 + 2? 	== 	4 	RunAve=runAve: 5/6 83% 	Sat Jan 09 2021 21:27:25 GMT-0600 (Central Standard Time)
correct 	7.8secs 	What is 7 * -11? 	== 	-77 	RunAve=runAve: 6/7 85% 	Sat Jan 09 2021 21:27:50 GMT-0600 (Central Standard Time)
correct 	1.4secs 	What is 11 * 4? 	== 	44 	RunAve=runAve: 7/8 87% 	Sat Jan 09 2021 21:28:03 GMT-0600 (Central Standard Time)
correct 	0.3secs 	What is 2 * 3? 	== 	6 	RunAve=runAve: 8/9 88% 	Sat Jan 09 2021 21:29:22 GMT-0600 (Central Standard Time)
wrong 	21.0secs 	What is 5 + 8? 	!= 	12 	RunAve=runAve: 8/10 80% 	Sat Jan 09 2021 21:30:23 GMT-0600 (Central Standard Time)
correct 	25.8secs 	What is 5 + 6? 	== 	11 	RunAve=runAve: 9/11 81% 	Sat Jan 09 2021 21:31:08 GMT-0600 (Central Standard Time)
wrong 	42.1secs 	What is 5 + 8? 	!= 	12 	RunAve=runAve: 9/12 75% 	Sat Jan 09 2021 21:32:04 GMT-0600 (Central Standard Time)
correct 	7.7secs 	What is 5 + 6? 	== 	11 	RunAve=runAve: 9/12 75% 	Sat Jan 09 2021 21:32:50 GMT-0600 (Central Standard Time)
correct 	1.0secs 	What is 5 + 8? 	== 	13 	RunAve=runAve: 9/11 81% 	Sat Jan 09 2021 21:33:23 GMT-0600 (Central Standard Time)
wrong 	1.6secs 	What is 1 + 2? 	!= 	0 	RunAve=runAve: 7/10 70% 	Sat Jan 09 2021 21:33:44 GMT-0600 (Central Standard Time)
correct 	4.6secs 	What is 1 + 2? 	== 	3 	RunAve=runAve: 6/9 66% 	Sat Jan 09 2021 21:34:47 GMT-0600 (Central Standard Time)
correct 	14.1secs 	What is 1 * 8? 	== 	8 	RunAve=runAve: 5/8 62% 	Sat Jan 09 2021 21:37:16 GMT-0600 (Central Standard Time)
correct 	8.0secs 	What is 9 * 0? 	== 	0 	RunAve=runAve: 5/7 71% 	Sat Jan 09 2021 21:37:30 GMT-0600 (Central Standard Time)
correct 	4.6secs 	What is 6 * 8? 	== 	48 	RunAve=runAve: 5/6 83% 	Sat Jan 09 2021 21:37:47 GMT-0600 (Central Standard Time)
correct 	18.2secs 	What is 12 * 11? 	== 	132 	RunAve=runAve: 5/5 100% 	Sat Jan 09 2021 21:38:20 GMT-0600 (Central Standard Time)
wrong 	0.8secs 	What is 3 - 10? 	!= 	-6 	RunAve=runAve: 3/4 75% 	Sat Jan 09 2021 21:38:23 GMT-0600 (Central Standard Time)
correct 	15.0secs 	What is 3 - 8? 	== 	-5 	RunAve=runAve: 2/3 66% 	Sat Jan 09 2021 21:38:57 GMT-0600 (Central Standard Time)
correct 	3.3secs 	What is 3 - 9? 	== 	-6 	RunAve=runAve: 2/2 100% 	Sat Jan 09 2021 21:39:06 GMT-0600 (Central Standard Time)
correct 	8.1secs 	What is 3 - 10? 	== 	-7 	RunAve=runAve: 1/1 100% 	Sat Jan 09 2021 21:39:30 GMT-0600 (Central Standard Time)
correct 	5.9secs 	What is -12 * 6? 	== 	-72 	RunAve=runAve: 20/25 80% 	Sat Jan 09 2021 21:39:48 GMT-0600 (Central Standard Time)
correct 	5.2secs 	What is -66 / 11? 	== 	-6 	RunAve=runAve: 20/25 80% 	Sat Jan 09 2021 21:40:08 GMT-0600 (Central Standard Time)
correct 	3.4secs 	What is 144 / 12? 	== 	12 	RunAve=runAve: 21/25 84% 	Sat Jan 09 2021 21:40:26 GMT-0600 (Central Standard Time)
correct 	3.9secs 	What is 1 + 11? 	== 	12 	RunAve=runAve: 21/25 84% 	Sat Jan 09 2021 21:40:46 GMT-0600 (Central Standard Time)
correct 	10.6secs 	What is 6 * 4? 	== 	24 	RunAve=runAve: 21/25 84% 	Sat Jan 09 2021 21:41:13 GMT-0600 (Central Standard Time)
correct 	12.4secs 	What is -9 * 4? 	== 	-36 	RunAve=runAve: 21/25 84% 	Sat Jan 09 2021 21:41:35 GMT-0600 (Central Standard Time)
correct 	29.7secs 	What is -9 * 7? 	== 	-63 	RunAve=runAve: 21/25 84% 	Sat Jan 09 2021 21:42:12 GMT-0600 (Central Standard Time)
correct 	24.8secs 	What is 4 * -6? 	== 	-24 	RunAve=runAve: 21/25 84% 	Sat Jan 09 2021 21:42:42 GMT-0600 (Central Standard Time)
wrong 	1.1secs 	What is -3 / -3? 	!= 	0 	RunAve=runAve: 20/25 80% 	Sat Jan 09 2021 21:42:58 GMT-0600 (Central Standard Time)
correct 	2.9secs 	What is -3 * 1? 	== 	-3 	RunAve=runAve: 20/25 80% 	Sat Jan 09 2021 21:43:20 GMT-0600 (Central Standard Time)
correct 	2.8secs 	What is 1 * -3? 	== 	-3 	RunAve=runAve: 21/25 84% 	Sat Jan 09 2021 21:43:40 GMT-0600 (Central Standard Time)
wrong 	9.9secs 	What is -3 / -3? 	!= 	-1 	RunAve=runAve: 20/25 80% 	Sat Jan 09 2021 21:44:07 GMT-0600 (Central Standard Time)
correct 	5.7secs 	What is -3 / 1? 	== 	-3 	RunAve=runAve: 21/25 84% 	Sat Jan 09 2021 21:44:23 GMT-0600 (Central Standard Time)
correct 	1.1secs 	What is -3 * 1? 	== 	-3 	RunAve=runAve: 21/25 84% 	Sat Jan 09 2021 21:44:38 GMT-0600 (Central Standard Time)
correct 	3.2secs 	What is 1 * -3? 	== 	-3 	RunAve=runAve: 21/25 84% 	Sat Jan 09 2021 21:45:01 GMT-0600 (Central Standard Time)
wrong 	4.4secs 	What is -3 / -3? 	!= 	3 	RunAve=runAve: 21/25 84% 	Sat Jan 09 2021 21:45:22 GMT-0600 (Central Standard Time)
correct 	7.7secs 	What is -3 / 1? 	== 	-3 	RunAve=runAve: 21/25 84% 	Sat Jan 09 2021 21:45:45 GMT-0600 (Central Standard Time)
correct 	9.3secs 	What is -3 * 1? 	== 	-3 	RunAve=runAve: 21/25 84% 	Sat Jan 09 2021 21:46:07 GMT-0600 (Central Standard Time)
correct 	3.6secs 	What is 1 * -3? 	== 	-3 	RunAve=runAve: 21/25 84% 	Sat Jan 09 2021 21:46:21 GMT-0600 (Central Standard Time)
wrong 	30.7secs 	What is -3 / -3? 	!= 	3 	RunAve=runAve: 20/25 80% 	Sat Jan 09 2021 21:47:08 GMT-0600 (Central Standard Time)
correct 	8.4secs 	What is -3 * 1? 	== 	-3 	RunAve=runAve: 20/25 80% 	Sat Jan 09 2021 21:47:26 GMT-0600 (Central Standard Time)
correct 	4.1secs 	What is 1 * -3? 	== 	-3 	RunAve=runAve: 21/25 84% 	Sat Jan 09 2021 21:47:42 GMT-0600 (Central Standard Time)
wrong 	22.2secs 	What is -3 / -3? 	!= 	0 	RunAve=runAve: 20/25 80% 	Sat Jan 09 2021 21:48:20 GMT-0600 (Central Standard Time)
correct 	3.7secs 	What is -3 * 1? 	== 	-3 	RunAve=runAve: 20/25 80% 	Sat Jan 09 2021 21:48:41 GMT-0600 (Central Standard Time)
correct 	4.0secs 	What is 1 * -3? 	== 	-3 	RunAve=runAve: 20/25 80% 	Sat Jan 09 2021 21:49:02 GMT-0600 (Central Standard Time)
correct 	16.7secs 	What is -3 / -3? 	== 	1 	RunAve=runAve: 20/25 80% 	Sat Jan 09 2021 21:49:34 GMT-0600 (Central Standard Time)
correct 	9.7secs 	What is -3 / 1? 	== 	-3 	RunAve=runAve: 20/25 80% 	Sat Jan 09 2021 21:49:47 GMT-0600 (Central Standard Time)
correct 	3.0secs 	What is 2 + 10? 	== 	12 	RunAve=runAve: 20/25 80% 	Sat Jan 09 2021 21:50:01 GMT-0600 (Central Standard Time)
correct 	6.4secs 	What is 4 + 6? 	== 	10 	RunAve=runAve: 20/25 80% 	Sat Jan 09 2021 21:50:24 GMT-0600 (Central Standard Time)
correct 	1.9secs 	What is 11 * 0? 	== 	0 	RunAve=runAve: 1/1 100% 	Mon Jan 11 2021 09:00:38 GMT-0600 (Central Standard Time)
correct 	2.0secs 	What is 6 * 11? 	== 	66 	RunAve=runAve: 2/2 100% 	Mon Jan 11 2021 09:01:38 GMT-0600 (Central Standard Time)
correct 	9.0secs 	What is 3 - 11? 	== 	-8 	RunAve=runAve: 3/3 100% 	Mon Jan 11 2021 09:02:05 GMT-0600 (Central Standard Time)
correct 	3.1secs 	What is 10 + 7? 	== 	17 	RunAve=runAve: 4/4 100% 	Mon Jan 11 2021 09:02:19 GMT-0600 (Central Standard Time)
correct 	6.8secs 	What is 11 + 6? 	== 	17 	RunAve=runAve: 5/5 100% 	Mon Jan 11 2021 09:05:23 GMT-0600 (Central Standard Time)
correct 	5.3secs 	What is 8 * 9? 	== 	72 	RunAve=runAve: 6/6 100% 	Mon Jan 11 2021 09:05:41 GMT-0600 (Central Standard Time)
correct 	4.5secs 	What is 48 / 6? 	== 	8 	RunAve=runAve: 7/7 100% 	Mon Jan 11 2021 09:06:00 GMT-0600 (Central Standard Time)
correct 	4.8secs 	What is 6 + 2? 	== 	8 	RunAve=runAve: 8/8 100% 	Mon Jan 11 2021 09:06:21 GMT-0600 (Central Standard Time)
correct 	5.5secs 	What is 0 + 12? 	== 	12 	RunAve=runAve: 9/9 100% 	Mon Jan 11 2021 09:06:42 GMT-0600 (Central Standard Time)
correct 	3.8secs 	What is 3 * 3? 	== 	9 	RunAve=runAve: 10/10 100% 	Mon Jan 11 2021 09:07:00 GMT-0600 (Central Standard Time)
correct 	6.1secs 	What is 8 - 10? 	== 	-2 	RunAve=runAve: 11/11 100% 	Mon Jan 11 2021 09:07:22 GMT-0600 (Central Standard Time)
correct 	6.6secs 	What is 3 * -6? 	== 	-18 	RunAve=runAve: 12/12 100% 	Mon Jan 11 2021 09:07:43 GMT-0600 (Central Standard Time)
correct 	6.1secs 	What is 5 * 8? 	== 	40 	RunAve=runAve: 12/12 100% 	Mon Jan 11 2021 09:08:02 GMT-0600 (Central Standard Time)
correct 	4.6secs 	What is 10 - 5? 	== 	5 	RunAve=runAve: 11/11 100% 	Mon Jan 11 2021 09:08:21 GMT-0600 (Central Standard Time)
correct 	6.8secs 	What is 8 * 4? 	== 	32 	RunAve=runAve: 10/10 100% 	Mon Jan 11 2021 09:08:43 GMT-0600 (Central Standard Time)
correct 	5.2secs 	What is 10 + 10? 	== 	20 	RunAve=runAve: 9/9 100% 	Mon Jan 11 2021 09:09:01 GMT-0600 (Central Standard Time)
wrong 	7.6secs 	What is -9 + 2? 	!= 	-11 	RunAve=runAve: 7/8 87% 	Mon Jan 11 2021 09:09:24 GMT-0600 (Central Standard Time)
correct 	32.9secs 	What is -9 + 0? 	== 	-9 	RunAve=runAve: 6/7 85% 	Mon Jan 11 2021 09:10:09 GMT-0600 (Central Standard Time)
correct 	5.3secs 	What is -9 + 2? 	== 	-7 	RunAve=runAve: 5/6 83% 	Mon Jan 11 2021 09:10:21 GMT-0600 (Central Standard Time)
correct 	8.0secs 	What is 2 - 6? 	== 	-4 	RunAve=runAve: 4/5 80% 	Mon Jan 11 2021 09:10:44 GMT-0600 (Central Standard Time)
correct 	5.2secs 	What is 10 / 1? 	== 	10 	RunAve=runAve: 4/4 100% 	Mon Jan 11 2021 09:11:01 GMT-0600 (Central Standard Time)
correct 	2.9secs 	What is 0 * 12? 	== 	0 	RunAve=runAve: 3/3 100% 	Mon Jan 11 2021 09:11:19 GMT-0600 (Central Standard Time)
correct 	4.5secs 	What is 6 * 0? 	== 	0 	RunAve=runAve: 2/2 100% 	Mon Jan 11 2021 09:11:41 GMT-0600 (Central Standard Time)
correct 	3.5secs 	What is 9 * 5? 	== 	45 	RunAve=runAve: 1/1 100% 	Mon Jan 11 2021 09:12:00 GMT-0600 (Central Standard Time)
correct 	4.9secs 	What is 5 * 4? 	== 	20 	RunAve=runAve: 24/25 96% 	Mon Jan 11 2021 09:12:21 GMT-0600 (Central Standard Time)
correct 	6.1secs 	What is 4 * 6? 	== 	24 	RunAve=runAve: 24/25 96% 	Mon Jan 11 2021 09:12:42 GMT-0600 (Central Standard Time)
correct 	5.4secs 	What is 60 / 6? 	== 	10 	RunAve=runAve: 24/25 96% 	Mon Jan 11 2021 09:13:02 GMT-0600 (Central Standard Time)
correct 	5.5secs 	What is -11 * 8? 	== 	-88 	RunAve=runAve: 24/25 96% 	Mon Jan 11 2021 09:13:22 GMT-0600 (Central Standard Time)
correct 	12.7secs 	What is 3 - 4? 	== 	-1 	RunAve=runAve: 24/25 96% 	Mon Jan 11 2021 09:13:49 GMT-0600 (Central Standard Time)
correct 	7.6secs 	What is 11 * 12? 	== 	132 	RunAve=runAve: 24/25 96% 	Mon Jan 11 2021 09:14:04 GMT-0600 (Central Standard Time)
correct 	4.3secs 	What is 1 + 12? 	== 	13 	RunAve=runAve: 24/25 96% 	Mon Jan 11 2021 09:14:21 GMT-0600 (Central Standard Time)
correct 	8.4secs 	What is 5 + 6? 	== 	11 	RunAve=runAve: 24/25 96% 	Mon Jan 11 2021 09:14:45 GMT-0600 (Central Standard Time)
correct 	12.9secs 	What is 2 * -3? 	== 	-6 	RunAve=runAve: 24/25 96% 	Mon Jan 11 2021 09:15:09 GMT-0600 (Central Standard Time)
correct 	0.3secs 	What is 12 + 9? 	== 	21 	RunAve=runAve: 24/25 96% 	Mon Jan 11 2021 09:15:17 GMT-0600 (Central Standard Time)
correct 	3.6secs 	What is 1 * 0? 	== 	0 	RunAve=runAve: 24/25 96% 	Mon Jan 11 2021 09:16:20 GMT-0600 (Central Standard Time)
correct 	11.1secs 	What is 6 * 2? 	== 	12 	RunAve=runAve: 24/25 96% 	Mon Jan 11 2021 09:16:47 GMT-0600 (Central Standard Time)
correct 	8.0secs 	What is -49 / 7? 	== 	-7 	RunAve=runAve: 24/25 96% 	Mon Jan 11 2021 09:17:04 GMT-0600 (Central Standard Time)
correct 	7.1secs 	What is 11 * 0? 	== 	0 	RunAve=runAve: 24/25 96% 	Mon Jan 11 2021 09:17:24 GMT-0600 (Central Standard Time)
correct 	7.4secs 	What is 4 * 12? 	== 	48 	RunAve=runAve: 24/25 96% 	Mon Jan 11 2021 09:17:44 GMT-0600 (Central Standard Time)
correct 	5.2secs 	What is 6 - 0? 	== 	6 	RunAve=runAve: 24/25 96% 	Mon Jan 11 2021 09:18:02 GMT-0600 (Central Standard Time)
correct 	35.3secs 	What is -6 - 7? 	== 	-13 	RunAve=runAve: 24/25 96% 	Mon Jan 11 2021 09:18:52 GMT-0600 (Central Standard Time)
correct 	7.2secs 	What is 3 * 9? 	== 	27 	RunAve=runAve: 25/25 100% 	Mon Jan 11 2021 09:19:04 GMT-0600 (Central Standard Time)
correct 	5.3secs 	What is 12 * 12? 	== 	144 	RunAve=runAve: 25/25 100% 	Mon Jan 11 2021 09:19:22 GMT-0600 (Central Standard Time)
correct 	2.8secs 	What is 1 * 1? 	== 	1 	RunAve=runAve: 25/25 100% 	Mon Jan 11 2021 09:19:39 GMT-0600 (Central Standard Time)
correct 	9.4secs 	What is -12 * 8? 	== 	-96 	RunAve=runAve: 25/25 100% 	Mon Jan 11 2021 09:20:06 GMT-0600 (Central Standard Time)
correct 	2.5secs 	What is 1 * 12? 	== 	12 	RunAve=runAve: 25/25 100% 	Mon Jan 11 2021 09:20:19 GMT-0600 (Central Standard Time)
correct 	107.5secs 	What is 7 + -12? 	== 	-5 	RunAve=runAve: 25/25 100% 	Mon Jan 11 2021 09:22:24 GMT-0600 (Central Standard Time)
correct 	4.9secs 	What is 2 * 1? 	== 	2 	RunAve=runAve: 25/25 100% 	Mon Jan 11 2021 09:22:34 GMT-0600 (Central Standard Time)
correct 	10.2secs 	What is 7 * 5? 	== 	35 	RunAve=runAve: 25/25 100% 	Mon Jan 11 2021 09:23:00 GMT-0600 (Central Standard Time)
correct 	6.1secs 	What is 12 * 3? 	== 	36 	RunAve=runAve: 25/25 100% 	Mon Jan 11 2021 09:23:16 GMT-0600 (Central Standard Time)
correct 	3.2secs 	What is 7 * 10? 	== 	70 	RunAve=runAve: 25/25 100% 	Mon Jan 11 2021 09:23:33 GMT-0600 (Central Standard Time)
correct 	16.6secs 	What is 4 * 7? 	== 	28 	RunAve=runAve: 25/25 100% 	Mon Jan 11 2021 09:24:20 GMT-0600 (Central Standard Time)
correct 	5.7secs 	What is 10 + 7? 	== 	17 	RunAve=runAve: 25/25 100% 	Mon Jan 11 2021 09:24:29 GMT-0600 (Central Standard Time)
correct 	15.7secs 	What is 11 * 11? 	== 	121 	RunAve=runAve: 25/25 100% 	Mon Jan 11 2021 09:24:59 GMT-0600 (Central Standard Time)
correct 	6.6secs 	What is 2 + 9? 	== 	11 	RunAve=runAve: 25/25 100% 	Mon Jan 11 2021 09:25:30 GMT-0600 (Central Standard Time)
correct 	7.3secs 	What is 3 * 8? 	== 	24 	RunAve=runAve: 25/25 100% 	Mon Jan 11 2021 09:25:50 GMT-0600 (Central Standard Time)
correct 	5.9secs 	What is 72 / 9? 	== 	8 	RunAve=runAve: 25/25 100% 	Mon Jan 11 2021 09:26:09 GMT-0600 (Central Standard Time)
correct 	8.6secs 	What is 9 - 8? 	== 	1 	RunAve=runAve: 25/25 100% 	Mon Jan 11 2021 09:26:32 GMT-0600 (Central Standard Time)
correct 	11.7secs 	What is 12 * 11? 	== 	132 	RunAve=runAve: 25/25 100% 	Mon Jan 11 2021 09:26:55 GMT-0600 (Central Standard Time)
correct 	8.0secs 	What is 3 - -3? 	== 	6 	RunAve=runAve: 25/25 100% 	Mon Jan 11 2021 09:27:11 GMT-0600 (Central Standard Time)
correct 	2.8secs 	What is 10 * 7? 	== 	70 	RunAve=runAve: 25/25 100% 	Mon Jan 11 2021 09:27:26 GMT-0600 (Central Standard Time)
correct 	4.1secs 	What is 10 * 2? 	== 	20 	RunAve=runAve: 25/25 100% 	Mon Jan 11 2021 09:27:47 GMT-0600 (Central Standard Time)
correct 	4.0secs 	What is 11 - -8? 	== 	19 	RunAve=runAve: 25/25 100% 	Mon Jan 11 2021 09:28:07 GMT-0600 (Central Standard Time)
correct 	4.0secs 	What is 4 * 11? 	== 	44 	RunAve=runAve: 25/25 100% 	Mon Jan 11 2021 09:28:27 GMT-0600 (Central Standard Time)
wrong 	0.3secs 	What is 9 + 5? 	!= 	11 	RunAve=runAve: 24/25 96% 	Mon Jan 11 2021 09:28:44 GMT-0600 (Central Standard Time)
correct 	11.2secs 	What is 9 + 3? 	== 	12 	RunAve=runAve: 24/25 96% 	Mon Jan 11 2021 09:29:15 GMT-0600 (Central Standard Time)
correct 	31.7secs 	What is 9 + 4? 	== 	13 	RunAve=runAve: 24/25 96% 	Mon Jan 11 2021 09:29:55 GMT-0600 (Central Standard Time)
correct 	3.1secs 	What is 9 + 3? 	== 	12 	RunAve=runAve: 24/25 96% 	Mon Jan 11 2021 09:30:07 GMT-0600 (Central Standard Time)
correct 	15.0secs 	What is 9 + 4? 	== 	13 	RunAve=runAve: 24/25 96% 	Mon Jan 11 2021 09:30:38 GMT-0600 (Central Standard Time)
correct 	4.5secs 	What is 9 + 5? 	== 	14 	RunAve=runAve: 24/25 96% 	Mon Jan 11 2021 09:30:48 GMT-0600 (Central Standard Time)
correct 	15.4secs 	What is 3 + 4? 	== 	7 	RunAve=runAve: 24/25 96% 	Mon Jan 11 2021 09:31:19 GMT-0600 (Central Standard Time)
correct 	6.3secs 	What is 4 + 2? 	== 	6 	RunAve=runAve: 24/25 96% 	Mon Jan 11 2021 09:32:50 GMT-0600 (Central Standard Time)
correct 	4.9secs 	What is 4 - -12? 	== 	16 	RunAve=runAve: 24/25 96% 	Mon Jan 11 2021 09:33:08 GMT-0600 (Central Standard Time)
correct 	22.8secs 	What is -2 * 1? 	== 	-2 	RunAve=runAve: 24/25 96% 	Mon Jan 11 2021 09:33:46 GMT-0600 (Central Standard Time)
correct 	9.7secs 	What is -3 - 0? 	== 	-3 	RunAve=runAve: 24/25 96% 	Mon Jan 11 2021 09:34:13 GMT-0600 (Central Standard Time)
correct 	7.1secs 	What is 10 + 1? 	== 	11 	RunAve=runAve: 24/25 96% 	Mon Jan 11 2021 09:34:31 GMT-0600 (Central Standard Time)
correct 	18.2secs 	What is 3 * 6? 	== 	18 	RunAve=runAve: 24/25 96% 	Mon Jan 11 2021 09:35:02 GMT-0600 (Central Standard Time)
correct 	7.6secs 	What is 9 - 0? 	== 	9 	RunAve=runAve: 24/25 96% 	Mon Jan 11 2021 09:35:11 GMT-0600 (Central Standard Time)
correct 	8.1secs 	What is 7 * 11? 	== 	77 	RunAve=runAve: 24/25 96% 	Mon Jan 11 2021 09:35:32 GMT-0600 (Central Standard Time)
correct 	6.1secs 	What is 12 * -11? 	== 	-132 	RunAve=runAve: 24/25 96% 	Mon Jan 11 2021 09:35:50 GMT-0600 (Central Standard Time)
correct 	3.1secs 	What is 1 * 5? 	== 	5 	RunAve=runAve: 24/25 96% 	Mon Jan 11 2021 09:36:07 GMT-0600 (Central Standard Time)
correct 	5.2secs 	What is 1 * 4? 	== 	4 	RunAve=runAve: 24/25 96% 	Mon Jan 11 2021 09:36:29 GMT-0600 (Central Standard Time)
correct 	5.8secs 	What is 5 - 4? 	== 	1 	RunAve=runAve: 24/25 96% 	Mon Jan 11 2021 09:36:49 GMT-0600 (Central Standard Time)
correct 	0.3secs 	What is 1 + 8? 	== 	9 	RunAve=runAve: 24/25 96% 	Mon Jan 11 2021 09:37:04 GMT-0600 (Central Standard Time)
correct 	11.0secs 	What is 90 / 10? 	== 	9 	RunAve=runAve: 24/25 96% 	Mon Jan 11 2021 09:37:35 GMT-0600 (Central Standard Time)
correct 	3.1secs 	What is 0 + 9? 	== 	9 	RunAve=runAve: 24/25 96% 	Mon Jan 11 2021 09:37:47 GMT-0600 (Central Standard Time)
correct 	6.1secs 	What is 2 * 4? 	== 	8 	RunAve=runAve: 24/25 96% 	Mon Jan 11 2021 09:38:10 GMT-0600 (Central Standard Time)
correct 	35.8secs 	What is -2 + 7? 	== 	5 	RunAve=runAve: 24/25 96% 	Mon Jan 11 2021 09:39:00 GMT-0600 (Central Standard Time)
correct 	12.0secs 	What is 3 * 3? 	== 	9 	RunAve=runAve: 24/25 96% 	Mon Jan 11 2021 09:39:16 GMT-0600 (Central Standard Time)
wrong 	9.0secs 	What is 0 - 1? 	!= 	1 	RunAve=runAve: 24/25 96% 	Mon Jan 11 2021 09:39:33 GMT-0600 (Central Standard Time)
correct 	8.5secs 	What is 0 - -1? 	== 	1 	RunAve=runAve: 24/25 96% 	Mon Jan 11 2021 09:39:52 GMT-0600 (Central Standard Time)
correct 	2.3secs 	What is 0 - 0? 	== 	0 	RunAve=runAve: 24/25 96% 	Mon Jan 11 2021 09:40:06 GMT-0600 (Central Standard Time)
correct 	17.1secs 	What is 0 - 1? 	== 	-1 	RunAve=runAve: 24/25 96% 	Mon Jan 11 2021 09:40:41 GMT-0600 (Central Standard Time)
correct 	7.0secs 	What is 3 * 2? 	== 	6 	RunAve=runAve: 24/25 96% 	Mon Jan 11 2021 09:40:51 GMT-0600 (Central Standard Time)
correct 	11.6secs 	What is -16 / -8? 	== 	2 	RunAve=runAve: 24/25 96% 	Mon Jan 11 2021 09:41:15 GMT-0600 (Central Standard Time)
correct 	4.4secs 	What is 20 / 2? 	== 	10 	RunAve=runAve: 24/25 96% 	Mon Jan 11 2021 09:41:28 GMT-0600 (Central Standard Time)
correct 	17.1secs 	What is 5 - 10? 	== 	-5 	RunAve=runAve: 24/25 96% 	Mon Jan 11 2021 09:42:01 GMT-0600 (Central Standard Time)
correct 	4.8secs 	What is 2 * 4? 	== 	8 	RunAve=runAve: 24/25 96% 	Mon Jan 11 2021 09:42:09 GMT-0600 (Central Standard Time)
wrong 	0.3secs 	What is 5 + 4? 	!= 	7 	RunAve=runAve: 23/25 92% 	Mon Jan 11 2021 09:42:24 GMT-0600 (Central Standard Time)
correct 	14.2secs 	What is 5 + 2? 	== 	7 	RunAve=runAve: 23/25 92% 	Mon Jan 11 2021 09:42:58 GMT-0600 (Central Standard Time)
correct 	13.7secs 	What is 5 + 3? 	== 	8 	RunAve=runAve: 23/25 92% 	Mon Jan 11 2021 09:43:18 GMT-0600 (Central Standard Time)
correct 	15.7secs 	What is 5 + 4? 	== 	9 	RunAve=runAve: 23/25 92% 	Mon Jan 11 2021 09:43:40 GMT-0600 (Central Standard Time)
correct 	4.0secs 	What is 3 * 2? 	== 	6 	RunAve=runAve: 23/25 92% 	Mon Jan 11 2021 09:43:48 GMT-0600 (Central Standard Time)
correct 	2.7secs 	What is 11 * 12? 	== 	132 	RunAve=runAve: 23/25 92% 	Mon Jan 11 2021 09:44:07 GMT-0600 (Central Standard Time)
correct 	2.5secs 	What is 0 * 8? 	== 	0 	RunAve=runAve: 23/25 92% 	Mon Jan 11 2021 09:44:26 GMT-0600 (Central Standard Time)
correct 	3.7secs 	What is 5 + 11? 	== 	16 	RunAve=runAve: 23/25 92% 	Mon Jan 11 2021 09:44:48 GMT-0600 (Central Standard Time)
correct 	6.5secs 	What is 3 * 4? 	== 	12 	RunAve=runAve: 23/25 92% 	Mon Jan 11 2021 09:45:10 GMT-0600 (Central Standard Time)
correct 	10.5secs 	What is -7 * 0? 	== 	0 	RunAve=runAve: 23/25 92% 	Mon Jan 11 2021 09:45:35 GMT-0600 (Central Standard Time)
correct 	4.6secs 	What is 6 * 1? 	== 	6 	RunAve=runAve: 23/25 92% 	Mon Jan 11 2021 09:45:49 GMT-0600 (Central Standard Time)
correct 	53.5secs 	What is 6 + 8? 	== 	14 	RunAve=runAve: 23/25 92% 	Mon Jan 11 2021 09:46:57 GMT-0600 (Central Standard Time)
correct 	35.7secs 	What is 7 / 1? 	== 	7 	RunAve=runAve: 23/25 92% 	Mon Jan 11 2021 09:47:40 GMT-0600 (Central Standard Time)
correct 	6.3secs 	What is 2 - 1? 	== 	1 	RunAve=runAve: 23/25 92% 	Mon Jan 11 2021 09:47:50 GMT-0600 (Central Standard Time)
correct 	9.7secs 	What is 0 * 2? 	== 	0 	RunAve=runAve: 23/25 92% 	Mon Jan 11 2021 09:48:14 GMT-0600 (Central Standard Time)
correct 	6.5secs 	What is 10 * 8? 	== 	80 	RunAve=runAve: 23/25 92% 	Mon Jan 11 2021 09:48:31 GMT-0600 (Central Standard Time)
correct 	11.3secs 	What is 5 * 8? 	== 	40 	RunAve=runAve: 24/25 96% 	Mon Jan 11 2021 09:48:55 GMT-0600 (Central Standard Time)
correct 	19.2secs 	What is 2 * 1? 	== 	2 	RunAve=runAve: 24/25 96% 	Mon Jan 11 2021 09:49:23 GMT-0600 (Central Standard Time)
correct 	2.5secs 	What is 12 * 8? 	== 	96 	RunAve=runAve: 24/25 96% 	Mon Jan 11 2021 09:49:27 GMT-0600 (Central Standard Time)
correct 	6.3secs 	What is 0 * 3? 	== 	0 	RunAve=runAve: 24/25 96% 	Mon Jan 11 2021 09:49:50 GMT-0600 (Central Standard Time)
correct 	19.3secs 	What is 10 * 1? 	== 	10 	RunAve=runAve: 24/25 96% 	Mon Jan 11 2021 09:50:24 GMT-0600 (Central Standard Time)
correct 	8.3secs 	What is -12 * 0? 	== 	0 	RunAve=runAve: 24/25 96% 	Mon Jan 11 2021 09:50:33 GMT-0600 (Central Standard Time)
correct 	4.8secs 	What is 8 * 1? 	== 	8 	RunAve=runAve: 24/25 96% 	Mon Jan 11 2021 09:50:49 GMT-0600 (Central Standard Time)
correct 	3.0secs 	What is 4 * 1? 	== 	4 	RunAve=runAve: 24/25 96% 	Mon Jan 11 2021 09:51:07 GMT-0600 (Central Standard Time)
correct 	4.7secs 	What is 10 * 9? 	== 	90 	RunAve=runAve: 24/25 96% 	Mon Jan 11 2021 09:52:13 GMT-0600 (Central Standard Time)
correct 	7.9secs 	What is 9 * 9? 	== 	81 	RunAve=runAve: 25/25 100% 	Mon Jan 11 2021 09:52:37 GMT-0600 (Central Standard Time)
correct 	9.0secs 	What is 4 * 1? 	== 	4 	RunAve=runAve: 25/25 100% 	Mon Jan 11 2021 09:52:58 GMT-0600 (Central Standard Time)
correct 	3.7secs 	What is 0 + 2? 	== 	2 	RunAve=runAve: 25/25 100% 	Mon Jan 11 2021 09:53:12 GMT-0600 (Central Standard Time)
correct 	10.1secs 	What is 0 + 1? 	== 	1 	RunAve=runAve: 25/25 100% 	Mon Jan 11 2021 09:53:50 GMT-0600 (Central Standard Time)
correct 	5.2secs 	What is 11 * 12? 	== 	132 	RunAve=runAve: 25/25 100% 	Mon Jan 11 2021 09:59:30 GMT-0600 (Central Standard Time)
correct 	1.9secs 	What is 12 * 12? 	== 	144 	RunAve=runAve: 25/25 100% 	Mon Jan 11 2021 09:59:46 GMT-0600 (Central Standard Time)
correct 	21.2secs 	What is 3 + 3? 	== 	6 	RunAve=runAve: 25/25 100% 	Mon Jan 11 2021 10:00:26 GMT-0600 (Central Standard Time)
correct 	6.6secs 	What is 0 + 9? 	== 	9 	RunAve=runAve: 25/25 100% 	Mon Jan 11 2021 10:00:51 GMT-0600 (Central Standard Time)
correct 	35.8secs 	What is 9 * 11? 	== 	99 	RunAve=runAve: 25/25 100% 	Mon Jan 11 2021 10:02:00 GMT-0600 (Central Standard Time)
correct 	9.2secs 	What is 1 + 10? 	== 	11 	RunAve=runAve: 25/25 100% 	Mon Jan 11 2021 10:02:14 GMT-0600 (Central Standard Time)
correct 	4.7secs 	What is 3 + 4? 	== 	7 	RunAve=runAve: 25/25 100% 	Mon Jan 11 2021 10:03:29 GMT-0600 (Central Standard Time)
correct 	27.2secs 	What is 7 * 12? 	== 	84 	RunAve=runAve: 25/25 100% 	Mon Jan 11 2021 10:04:12 GMT-0600 (Central Standard Time)
correct 	9.1secs 	What is 4 + 7? 	== 	11 	RunAve=runAve: 25/25 100% 	Mon Jan 11 2021 10:04:34 GMT-0600 (Central Standard Time)
correct 	3.1secs 	What is 10 * 10? 	== 	100 	RunAve=runAve: 25/25 100% 	Mon Jan 11 2021 10:04:48 GMT-0600 (Central Standard Time)
correct 	math 	3.0secs 	7 * 1 	What is 7 * 1? 	== 	7 	RunAve=runAve: 1/1 100% 3.0secs 	Tue Jan 12 2021 16:04:08 GMT-0600 (Central Standard Time)
correct 	math 	16.5secs 	-12 * 9 	What is -12 * 9? 	== 	-108 	RunAve=runAve: 2/2 100% 9.8secs 	Tue Jan 12 2021 16:04:41 GMT-0600 (Central Standard Time)
correct 	math 	6.1secs 	2 + 5 	What is 2 + 5? 	== 	7 	RunAve=runAve: 3/3 100% 8.6secs 	Tue Jan 12 2021 16:04:51 GMT-0600 (Central Standard Time)
wrong 	spelling 	28.3secs 	prance 	pr____ 	!= 	__once 	RunAve=runAve: 3/4 75% 13.5secs 	Tue Jan 12 2021 16:05:33 GMT-0600 (Central Standard Time)
correct 	spelling 	4.6secs 	mince 	m____ 	== 	_ince 	RunAve=runAve: 4/5 80% 11.7secs 	Tue Jan 12 2021 16:05:49 GMT-0600 (Central Standard Time)
correct 	spelling 	8.2secs 	wince 	wi___ 	== 	__nce 	RunAve=runAve: 5/6 83% 11.1secs 	Tue Jan 12 2021 16:06:13 GMT-0600 (Central Standard Time)
correct 	spelling 	4.6secs 	prance 	pra___ 	== 	___nce 	RunAve=runAve: 6/7 85% 10.2secs 	Tue Jan 12 2021 16:06:30 GMT-0600 (Central Standard Time)
correct 	spelling 	4.8secs 	chance 	c_____ 	== 	_hance 	RunAve=runAve: 7/8 87% 9.5secs 	Tue Jan 12 2021 16:06:50 GMT-0600 (Central Standard Time)
correct 	math 	4.4secs 	1 + 11 	What is 1 + 11? 	== 	12 	RunAve=runAve: 8/9 88% 8.9secs 	Tue Jan 12 2021 16:07:09 GMT-0600 (Central Standard Time)
correct 	spelling 	1.8secs 	coach 	c____ 	== 	_oach 	RunAve=runAve: 9/10 90% 8.2secs 	Tue Jan 12 2021 16:07:27 GMT-0600 (Central Standard Time)
correct 	math 	11.0secs 	8 * 3 	What is 8 * 3? 	== 	24 	RunAve=runAve: 10/11 90% 8.5secs 	Tue Jan 12 2021 16:07:56 GMT-0600 (Central Standard Time)
wrong 	spelling 	17.7secs 	sleet 	sl___ 	!= 	__let 	RunAve=runAve: 10/12 83% 9.2secs 	Tue Jan 12 2021 16:08:23 GMT-0600 (Central Standard Time)
correct 	spelling 	2.7secs 	bleed 	b____ 	== 	_leed 	RunAve=runAve: 11/13 84% 8.7secs 	Tue Jan 12 2021 16:08:28 GMT-0600 (Central Standard Time)
wrong 	spelling 	7.3secs 	fleet 	fl___ 	!= 	__let 	RunAve=runAve: 11/14 78% 8.6secs 	Tue Jan 12 2021 16:08:52 GMT-0600 (Central Standard Time)
wrong 	spelling 	7.1secs 	sleet 	sl___ 	!= 	__let 	RunAve=runAve: 11/15 73% 8.5secs 	Tue Jan 12 2021 16:09:12 GMT-0600 (Central Standard Time)
correct 	spelling 	2.4secs 	sleep 	s____ 	== 	_leep 	RunAve=runAve: 12/16 75% 8.1secs 	Tue Jan 12 2021 16:09:27 GMT-0600 (Central Standard Time)
wrong 	spelling 	7.0secs 	bleed 	bl___ 	!= 	__led 	RunAve=runAve: 12/17 70% 8.1secs 	Tue Jan 12 2021 16:09:52 GMT-0600 (Central Standard Time)
correct 	spelling 	2.0secs 	fleet 	f____ 	== 	_leet 	RunAve=runAve: 13/18 72% 7.7secs 	Tue Jan 12 2021 16:10:07 GMT-0600 (Central Standard Time)
correct 	spelling 	6.9secs 	sleet 	s____ 	== 	_leet 	RunAve=runAve: 14/19 73% 7.7secs 	Tue Jan 12 2021 16:10:32 GMT-0600 (Central Standard Time)
correct 	spelling 	2.4secs 	sleep 	s____ 	== 	_leep 	RunAve=runAve: 15/20 75% 7.4secs 	Tue Jan 12 2021 16:10:48 GMT-0600 (Central Standard Time)
correct 	spelling 	4.0secs 	bleed 	b____ 	== 	_leed 	RunAve=runAve: 16/21 76% 7.3secs 	Tue Jan 12 2021 16:11:09 GMT-0600 (Central Standard Time)
correct 	spelling 	2.3secs 	fleet 	f____ 	== 	_leet 	RunAve=runAve: 17/22 77% 7.0secs 	Tue Jan 12 2021 16:11:28 GMT-0600 (Central Standard Time)
correct 	spelling 	1.5secs 	sleet 	s____ 	== 	_leet 	RunAve=runAve: 18/23 78% 6.8secs 	Tue Jan 12 2021 16:11:47 GMT-0600 (Central Standard Time)
correct 	spelling 	3.4secs 	sleep 	sl___ 	== 	__eep 	RunAve=runAve: 19/24 79% 6.7secs 	Tue Jan 12 2021 16:12:09 GMT-0600 (Central Standard Time)
correct 	math 	2.7secs 	12 * 0 	What is 12 * 0? 	== 	0 	RunAve=runAve: 20/25 80% 6.5secs 	Tue Jan 12 2021 16:12:48 GMT-0600 (Central Standard Time)
correct 	math 	4.3secs 	9 + 1 	What is 9 + 1? 	== 	10 	RunAve=runAve: 20/25 80% 6.6secs 	Tue Jan 12 2021 16:13:10 GMT-0600 (Central Standard Time)
correct 	math 	1.9secs 	0 * 1 	What is 0 * 1? 	== 	0 	RunAve=runAve: 20/25 80% 6.0secs 	Tue Jan 12 2021 16:13:27 GMT-0600 (Central Standard Time)
correct 	spelling 	10.8secs 	width 	w____ 	== 	_idth 	RunAve=runAve: 20/25 80% 6.2secs 	Tue Jan 12 2021 16:13:56 GMT-0600 (Central Standard Time)
correct 	math 	4.6secs 	2 * 3 	What is 2 * 3? 	== 	6 	RunAve=runAve: 21/25 84% 5.2secs 	Tue Jan 12 2021 16:14:10 GMT-0600 (Central Standard Time)
correct 	math 	9.4secs 	12 * 9 	What is 12 * 9? 	== 	108 	RunAve=runAve: 21/25 84% 5.4secs 	Tue Jan 12 2021 16:14:35 GMT-0600 (Central Standard Time)
correct 	spelling 	5.6secs 	detest 	d_____ 	== 	_etest 	RunAve=runAve: 21/25 84% 5.3secs 	Tue Jan 12 2021 16:14:51 GMT-0600 (Central Standard Time)
correct 	math 	6.9secs 	12 + 1 	What is 12 + 1? 	== 	13 	RunAve=runAve: 21/25 84% 5.4secs 	Tue Jan 12 2021 16:15:12 GMT-0600 (Central Standard Time)
correct 	math 	5.3secs 	45 / 9 	What is 45 / 9? 	== 	5 	RunAve=runAve: 21/25 84% 5.4secs 	Tue Jan 12 2021 16:15:31 GMT-0600 (Central Standard Time)
correct 	spelling 	2.9secs 	pad 	p__ 	== 	_ad 	RunAve=runAve: 21/25 84% 5.4secs 	Tue Jan 12 2021 16:16:08 GMT-0600 (Central Standard Time)
correct 	math 	3.0secs 	4 * 5 	What is 4 * 5? 	== 	20 	RunAve=runAve: 21/25 84% 5.4secs 	Tue Jan 12 2021 16:16:28 GMT-0600 (Central Standard Time)
correct 	math 	21.7secs 	5 + 3 	What is 5 + 3? 	== 	8 	RunAve=runAve: 21/25 84% 5.8secs 	Tue Jan 12 2021 16:17:07 GMT-0600 (Central Standard Time)
correct 	math 	2.6secs 	3 * 0 	What is 3 * 0? 	== 	0 	RunAve=runAve: 22/25 88% 5.2secs 	Tue Jan 12 2021 16:17:28 GMT-0600 (Central Standard Time)
correct 	spelling 	3.5secs 	staid 	s____ 	== 	_taid 	RunAve=runAve: 22/25 88% 5.3secs 	Tue Jan 12 2021 16:17:49 GMT-0600 (Central Standard Time)
correct 	spelling 	7.5secs 	snake 	s____ 	== 	_nake 	RunAve=runAve: 23/25 92% 5.3secs 	Tue Jan 12 2021 16:18:13 GMT-0600 (Central Standard Time)
correct 	math 	3.5secs 	10 * -10 	What is 10 * -10? 	== 	-100 	RunAve=runAve: 24/25 96% 5.1secs 	Tue Jan 12 2021 16:18:29 GMT-0600 (Central Standard Time)
correct 	math 	5.5secs 	21 / 7 	What is 21 / 7? 	== 	3 	RunAve=runAve: 24/25 96% 5.2secs 	Tue Jan 12 2021 16:18:51 GMT-0600 (Central Standard Time)
wrong 	spelling 	16.3secs 	rent 	r___ 	!= 	_int 	RunAve=runAve: 24/25 96% 5.6secs 	Tue Jan 12 2021 16:19:22 GMT-0600 (Central Standard Time)
correct 	spelling 	2.7secs 	tent 	t___ 	== 	_ent 	RunAve=runAve: 24/25 96% 5.6secs 	Tue Jan 12 2021 16:19:28 GMT-0600 (Central Standard Time)
correct 	spelling 	2.9secs 	bent 	b___ 	== 	_ent 	RunAve=runAve: 24/25 96% 5.5secs 	Tue Jan 12 2021 16:19:48 GMT-0600 (Central Standard Time)
correct 	spelling 	5.6secs 	rent 	r___ 	== 	_ent 	RunAve=runAve: 24/25 96% 5.6secs 	Tue Jan 12 2021 16:20:11 GMT-0600 (Central Standard Time)
correct 	spelling 	1.8secs 	sent 	s___ 	== 	_ent 	RunAve=runAve: 24/25 96% 5.5secs 	Tue Jan 12 2021 16:20:27 GMT-0600 (Central Standard Time)
correct 	math 	5.4secs 	-7 + -7 	What is -7 + -7? 	== 	-14 	RunAve=runAve: 24/25 96% 5.6secs 	Tue Jan 12 2021 16:20:51 GMT-0600 (Central Standard Time)
correct 	spelling 	7.9secs 	cull 	c___ 	== 	_ull 	RunAve=runAve: 24/25 96% 5.9secs 	Tue Jan 12 2021 16:21:13 GMT-0600 (Central Standard Time)
correct 	math 	6.5secs 	11 * -7 	What is 11 * -7? 	== 	-77 	RunAve=runAve: 24/25 96% 6.0secs 	Tue Jan 12 2021 16:21:32 GMT-0600 (Central Standard Time)
correct 	math 	18.2secs 	8 - 12 	What is 8 - 12? 	== 	-4 	RunAve=runAve: 24/25 96% 6.6secs 	Tue Jan 12 2021 16:22:04 GMT-0600 (Central Standard Time)
correct 	math 	27.7secs 	5 - -6 	What is 5 - -6? 	== 	11 	RunAve=runAve: 24/25 96% 7.6secs 	Tue Jan 12 2021 16:22:33 GMT-0600 (Central Standard Time)
correct 	math 	3.5secs 	5 + 10 	What is 5 + 10? 	== 	15 	RunAve=runAve: 24/25 96% 7.6secs 	Tue Jan 12 2021 16:22:49 GMT-0600 (Central Standard Time)
correct 	spelling 	3.9secs 	waft 	w___ 	== 	_aft 	RunAve=runAve: 24/25 96% 7.4secs 	Tue Jan 12 2021 16:23:10 GMT-0600 (Central Standard Time)
wrong 	spelling 	5.3secs 	distant 	d______ 	!= 	_istent 	RunAve=runAve: 23/25 92% 7.4secs 	Tue Jan 12 2021 16:23:31 GMT-0600 (Central Standard Time)
wrong 	spelling 	6.4secs 	infant 	i_____ 	!= 	_nfont 	RunAve=runAve: 22/25 88% 7.3secs 	Tue Jan 12 2021 16:23:52 GMT-0600 (Central Standard Time)
wrong 	spelling 	16.5secs 	distant 	d______ 	!= 	_istint 	RunAve=runAve: 21/25 84% 7.7secs 	Tue Jan 12 2021 16:24:22 GMT-0600 (Central Standard Time)
wrong 	spelling 	6.3secs 	infant 	i_____ 	!= 	_nfint 	RunAve=runAve: 20/25 80% 7.7secs 	Tue Jan 12 2021 16:24:32 GMT-0600 (Central Standard Time)
wrong 	spelling 	3.8secs 	distant 	d______ 	!= 	_distat 	RunAve=runAve: 19/25 76% 7.6secs 	Tue Jan 12 2021 16:24:50 GMT-0600 (Central Standard Time)
correct 	spelling 	12.7secs 	infant 	i_____ 	== 	_nfant 	RunAve=runAve: 19/25 76% 8.0secs 	Tue Jan 12 2021 16:25:18 GMT-0600 (Central Standard Time)
wrong 	spelling 	27.4secs 	distant 	dis____ 	!= 	___tent 	RunAve=runAve: 18/25 72% 9.0secs 	Tue Jan 12 2021 16:25:53 GMT-0600 (Central Standard Time)
correct 	spelling 	2.4secs 	distant 	d______ 	== 	_istant 	RunAve=runAve: 18/25 72% 8.2secs 	Tue Jan 12 2021 16:26:08 GMT-0600 (Central Standard Time)
correct 	spelling 	36.3secs 	grill 	g____ 	== 	_rill 	RunAve=runAve: 18/25 72% 9.6secs 	Tue Jan 12 2021 16:27:02 GMT-0600 (Central Standard Time)
correct 	spelling 	1.8secs 	verse 	v____ 	== 	_erse 	RunAve=runAve: 18/25 72% 9.5secs 	Tue Jan 12 2021 16:27:08 GMT-0600 (Central Standard Time)
correct 	spelling 	2.1secs 	fifth 	f____ 	== 	_ifth 	RunAve=runAve: 18/25 72% 9.3secs 	Tue Jan 12 2021 16:27:28 GMT-0600 (Central Standard Time)
correct 	math 	3.0secs 	5 + 11 	What is 5 + 11? 	== 	16 	RunAve=runAve: 18/25 72% 9.3secs 	Tue Jan 12 2021 16:27:49 GMT-0600 (Central Standard Time)
correct 	math 	18.3secs 	7 * -5 	What is 7 * -5? 	== 	-35 	RunAve=runAve: 18/25 72% 9.8secs 	Tue Jan 12 2021 16:28:24 GMT-0600 (Central Standard Time)
correct 	math 	4.4secs 	12 + 12 	What is 12 + 12? 	== 	24 	RunAve=runAve: 19/25 76% 9.3secs 	Tue Jan 12 2021 16:28:30 GMT-0600 (Central Standard Time)
correct 	math 	7.3secs 	5 - 11 	What is 5 - 11? 	== 	-6 	RunAve=runAve: 19/25 76% 9.5secs 	Tue Jan 12 2021 16:28:53 GMT-0600 (Central Standard Time)
correct 	math 	16.9secs 	-1 * 9 	What is -1 * 9? 	== 	-9 	RunAve=runAve: 19/25 76% 10.1secs 	Tue Jan 12 2021 16:29:43 GMT-0600 (Central Standard Time)
wrong 	spelling 	7.7secs 	stead 	s____ 	!= 	_eaad 	RunAve=runAve: 18/25 72% 10.1secs 	Tue Jan 12 2021 16:29:54 GMT-0600 (Central Standard Time)
correct 	math 	5.8secs 	3 * 4 	What is 3 * 4? 	== 	12 	RunAve=runAve: 18/25 72% 10.3secs 	Tue Jan 12 2021 16:30:12 GMT-0600 (Central Standard Time)
correct 	spelling 	4.2secs 	dead 	d___ 	== 	_ead 	RunAve=runAve: 18/25 72% 10.3secs 	Tue Jan 12 2021 16:30:30 GMT-0600 (Central Standard Time)
correct 	spelling 	3.3secs 	stead 	s____ 	== 	_tead 	RunAve=runAve: 18/25 72% 10.1secs 	Tue Jan 12 2021 16:31:09 GMT-0600 (Central Standard Time)
correct 	spelling 	5.8secs 	spread 	spr___ 	== 	___ead 	RunAve=runAve: 18/25 72% 10.1secs 	Tue Jan 12 2021 16:31:32 GMT-0600 (Central Standard Time)
correct 	spelling 	3.6secs 	expert 	e_____ 	== 	_xpert 	RunAve=runAve: 18/25 72% 9.5secs 	Tue Jan 12 2021 16:31:50 GMT-0600 (Central Standard Time)
correct 	math 	5.1secs 	12 * 2 	What is 12 * 2? 	== 	24 	RunAve=runAve: 18/25 72% 8.6secs 	Tue Jan 12 2021 16:32:50 GMT-0600 (Central Standard Time)
correct 	math 	3.9secs 	10 * 10 	What is 10 * 10? 	== 	100 	RunAve=runAve: 18/25 72% 8.6secs 	Tue Jan 12 2021 16:33:08 GMT-0600 (Central Standard Time)
correct 	math 	5.3secs 	6 - 12 	What is 6 - 12? 	== 	-6 	RunAve=runAve: 18/25 72% 8.6secs 	Tue Jan 12 2021 16:33:30 GMT-0600 (Central Standard Time)
correct 	spelling 	2.8secs 	word 	w___ 	== 	_ord 	RunAve=runAve: 19/25 76% 8.5secs 	Tue Jan 12 2021 16:34:42 GMT-0600 (Central Standard Time)
correct 	spelling 	2.6secs 	fish 	f___ 	== 	_ish 	RunAve=runAve: 20/25 80% 8.4secs 	Tue Jan 12 2021 16:35:02 GMT-0600 (Central Standard Time)
correct 	spelling 	2.7secs 	poet 	p___ 	== 	_oet 	RunAve=runAve: 21/25 84% 7.8secs 	Tue Jan 12 2021 16:35:22 GMT-0600 (Central Standard Time)
correct 	spelling 	4.2secs 	widen 	w____ 	== 	_iden 	RunAve=runAve: 22/25 88% 7.7secs 	Tue Jan 12 2021 16:35:44 GMT-0600 (Central Standard Time)
correct 	math 	5.2secs 	9 + 3 	What is 9 + 3? 	== 	12 	RunAve=runAve: 23/25 92% 7.8secs 	Tue Jan 12 2021 16:36:05 GMT-0600 (Central Standard Time)
correct 	spelling 	3.1secs 	flog 	f___ 	== 	_log 	RunAve=runAve: 23/25 92% 7.4secs 	Tue Jan 12 2021 16:36:23 GMT-0600 (Central Standard Time)
correct 	math 	4.8secs 	4 * 11 	What is 4 * 11? 	== 	44 	RunAve=runAve: 24/25 96% 6.5secs 	Tue Jan 12 2021 16:36:45 GMT-0600 (Central Standard Time)
correct 	spelling 	3.3secs 	sun 	s__ 	== 	_un 	RunAve=runAve: 24/25 96% 6.5secs 	Tue Jan 12 2021 16:37:03 GMT-0600 (Central Standard Time)
correct 	math 	3.6secs 	10 + 5 	What is 10 + 5? 	== 	15 	RunAve=runAve: 24/25 96% 5.2secs 	Tue Jan 12 2021 16:37:23 GMT-0600 (Central Standard Time)
correct 	spelling 	1.4secs 	pool 	p___ 	== 	_ool 	RunAve=runAve: 24/25 96% 5.2secs 	Tue Jan 12 2021 16:37:41 GMT-0600 (Central Standard Time)
correct 	math 	2.6secs 	11 * 1 	What is 11 * 1? 	== 	11 	RunAve=runAve: 24/25 96% 5.2secs 	Tue Jan 12 2021 16:38:02 GMT-0600 (Central Standard Time)
correct 	math 	8.1secs 	1 * 5 	What is 1 * 5? 	== 	5 	RunAve=runAve: 24/25 96% 5.4secs 	Tue Jan 12 2021 16:39:08 GMT-0600 (Central Standard Time)
correct 	math 	12.9secs 	10 - 3 	What is 10 - 3? 	== 	7 	RunAve=runAve: 24/25 96% 5.2secs 	Tue Jan 12 2021 16:40:13 GMT-0600 (Central Standard Time)
correct 	spelling 	2.3secs 	sod 	s__ 	== 	_od 	RunAve=runAve: 24/25 96% 5.1secs 	Tue Jan 12 2021 16:40:22 GMT-0600 (Central Standard Time)
correct 	math 	5.6secs 	12 * 7 	What is 12 * 7? 	== 	84 	RunAve=runAve: 24/25 96% 5.1secs 	Tue Jan 12 2021 16:40:45 GMT-0600 (Central Standard Time)
correct 	math 	3.2secs 	0 + 10 	What is 0 + 10? 	== 	10 	RunAve=runAve: 24/25 96% 4.5secs 	Tue Jan 12 2021 16:41:03 GMT-0600 (Central Standard Time)
correct 	math 	2.5secs 	1 * 4 	What is 1 * 4? 	== 	4 	RunAve=runAve: 25/25 100% 4.3secs 	Tue Jan 12 2021 16:41:22 GMT-0600 (Central Standard Time)
correct 	math 	5.6secs 	3 + 3 	What is 3 + 3? 	== 	6 	RunAve=runAve: 25/25 100% 4.3secs 	Tue Jan 12 2021 16:41:46 GMT-0600 (Central Standard Time)
correct 	math 	5.6secs 	3 + 5 	What is 3 + 5? 	== 	8 	RunAve=runAve: 25/25 100% 4.4secs 	Tue Jan 12 2021 16:42:06 GMT-0600 (Central Standard Time)
correct 	math 	11.7secs 	1 + -11 	What is 1 + -11? 	== 	-10 	RunAve=runAve: 25/25 100% 4.7secs 	Tue Jan 12 2021 16:42:32 GMT-0600 (Central Standard Time)
correct 	math 	6.4secs 	12 + 1 	What is 12 + 1? 	== 	13 	RunAve=runAve: 25/25 100% 4.7secs 	Tue Jan 12 2021 16:42:46 GMT-0600 (Central Standard Time)
correct 	math 	8.1secs 	2 * 9 	What is 2 * 9? 	== 	18 	RunAve=runAve: 25/25 100% 4.9secs 	Tue Jan 12 2021 16:43:08 GMT-0600 (Central Standard Time)
correct 	math 	5.9secs 	9 * 10 	What is 9 * 10? 	== 	90 	RunAve=runAve: 25/25 100% 4.9secs 	Tue Jan 12 2021 16:43:26 GMT-0600 (Central Standard Time)
correct 	math 	21.3secs 	-6 + 12 	What is -6 + 12? 	== 	6 	RunAve=runAve: 25/25 100% 5.6secs 	Tue Jan 12 2021 16:44:01 GMT-0600 (Central Standard Time)
correct 	spelling 	4.9secs 	firstly 	f______ 	== 	_irstly 	RunAve=runAve: 25/25 100% 5.6secs 	Tue Jan 12 2021 16:44:25 GMT-0600 (Central Standard Time)
correct 	spelling 	9.4secs 	larder 	l_____ 	== 	_arder 	RunAve=runAve: 25/25 100% 5.9secs 	Tue Jan 12 2021 16:44:49 GMT-0600 (Central Standard Time)
correct 	math 	5.5secs 	0 * 8 	What is 0 * 8? 	== 	0 	RunAve=runAve: 25/25 100% 6.0secs 	Tue Jan 12 2021 16:45:06 GMT-0600 (Central Standard Time)
correct 	spelling 	2.0secs 	jump 	j___ 	== 	_ump 	RunAve=runAve: 25/25 100% 6.0secs 	Tue Jan 12 2021 16:45:22 GMT-0600 (Central Standard Time)
correct 	math 	4.3secs 	11 * 12 	What is 11 * 12? 	== 	132 	RunAve=runAve: 25/25 100% 6.0secs 	Tue Jan 12 2021 16:45:44 GMT-0600 (Central Standard Time)
correct 	spelling 	15.9secs 	insert 	i_____ 	== 	_nsert 	RunAve=runAve: 25/25 100% 6.4secs 	Tue Jan 12 2021 16:46:16 GMT-0600 (Central Standard Time)
correct 	spelling 	4.8secs 	cloud 	cl___ 	== 	__oud 	RunAve=runAve: 25/25 100% 6.5secs 	Tue Jan 12 2021 16:46:25 GMT-0600 (Central Standard Time)
wrong 	spelling 	5.9secs 	namesake 	na______ 	!= 	__mosake 	RunAve=runAve: 24/25 96% 6.5secs 	Tue Jan 12 2021 16:46:46 GMT-0600 (Central Standard Time)
correct 	math 	2.4secs 	11 * 7 	What is 11 * 7? 	== 	77 	RunAve=runAve: 24/25 96% 6.5secs 	Tue Jan 12 2021 16:47:03 GMT-0600 (Central Standard Time)
correct 	spelling 	5.9secs 	namesake 	nam_____ 	== 	___esake 	RunAve=runAve: 24/25 96% 6.6secs 	Tue Jan 12 2021 16:47:26 GMT-0600 (Central Standard Time)
correct 	spelling 	2.2secs 	same 	s___ 	== 	_ame 	RunAve=runAve: 24/25 96% 6.6secs 	Tue Jan 12 2021 16:47:42 GMT-0600 (Central Standard Time)
wrong 	spelling 	0.2secs 	name 	n___ 	!= 	_amo 	RunAve=runAve: 23/25 92% 6.5secs 	Tue Jan 12 2021 16:48:00 GMT-0600 (Central Standard Time)
correct 	spelling 	42.5secs 	tame 	t___ 	== 	_ame 	RunAve=runAve: 23/25 92% 7.9secs 	Tue Jan 12 2021 16:49:03 GMT-0600 (Central Standard Time)
correct 	spelling 	2.8secs 	fame 	f___ 	== 	_ame 	RunAve=runAve: 23/25 92% 7.5secs 	Tue Jan 12 2021 16:49:23 GMT-0600 (Central Standard Time)
correct 	spelling 	2.1secs 	name 	n___ 	== 	_ame 	RunAve=runAve: 23/25 92% 7.5secs 	Tue Jan 12 2021 16:50:02 GMT-0600 (Central Standard Time)
correct 	spelling 	2.6secs 	fame 	f___ 	== 	_ame 	RunAve=runAve: 23/25 92% 7.4secs 	Tue Jan 12 2021 16:50:43 GMT-0600 (Central Standard Time)
correct 	spelling 	4.4secs 	frame 	f____ 	== 	_rame 	RunAve=runAve: 23/25 92% 7.4secs 	Tue Jan 12 2021 16:51:05 GMT-0600 (Central Standard Time)
correct 	spelling 	4.2secs 	pump 	p___ 	== 	_ump 	RunAve=runAve: 23/25 92% 7.5secs 	Tue Jan 12 2021 16:51:45 GMT-0600 (Central Standard Time)
correct 	math 	4.1secs 	6 * 4 	What is 6 * 4? 	== 	24 	RunAve=runAve: 23/25 92% 7.4secs 	Tue Jan 12 2021 16:57:48 GMT-0600 (Central Standard Time)
correct 	math 	5.0secs 	9 * 4 	What is 9 * 4? 	== 	36 	RunAve=runAve: 23/25 92% 7.4secs 	Tue Jan 12 2021 16:58:09 GMT-0600 (Central Standard Time)
correct 	math 	3.4secs 	-9 * 9 	What is -9 * 9? 	== 	-81 	RunAve=runAve: 23/25 92% 7.1secs 	Tue Jan 12 2021 16:58:47 GMT-0600 (Central Standard Time)
correct 	math 	6.4secs 	1 * 3 	What is 1 * 3? 	== 	3 	RunAve=runAve: 23/25 92% 7.1secs 	Tue Jan 12 2021 16:59:10 GMT-0600 (Central Standard Time)
correct 	math 	2.3secs 	5 * 1 	What is 5 * 1? 	== 	5 	RunAve=runAve: 23/25 92% 6.8secs 	Tue Jan 12 2021 17:04:06 GMT-0600 (Central Standard Time)
correct 	spelling 	1.7secs 	rid 	r__ 	== 	_id 	RunAve=runAve: 23/25 92% 6.7secs 	Tue Jan 12 2021 17:04:46 GMT-0600 (Central Standard Time)
correct 	math 	2.8secs 	8 * 7 	What is 8 * 7? 	== 	56 	RunAve=runAve: 23/25 92% 5.9secs 	Tue Jan 12 2021 17:05:07 GMT-0600 (Central Standard Time)
correct 	spelling 	5.2secs 	redress 	r______ 	== 	_edress 	RunAve=runAve: 23/25 92% 5.9secs 	Tue Jan 12 2021 17:05:29 GMT-0600 (Central Standard Time)
correct 	spelling 	2.4secs 	hull 	h___ 	== 	_ull 	RunAve=runAve: 23/25 92% 5.6secs 	Tue Jan 12 2021 17:05:46 GMT-0600 (Central Standard Time)
correct 	spelling 	1.5secs 	clown 	c____ 	== 	_lown 	RunAve=runAve: 23/25 92% 5.5secs 	Tue Jan 12 2021 17:06:06 GMT-0600 (Central Standard Time)
correct 	math 	2.3secs 	11 * 3 	What is 11 * 3? 	== 	33 	RunAve=runAve: 23/25 92% 5.5secs 	Tue Jan 12 2021 17:06:26 GMT-0600 (Central Standard Time)
correct 	spelling 	1.7secs 	sell 	s___ 	== 	_ell 	RunAve=runAve: 23/25 92% 5.4secs 	Tue Jan 12 2021 17:06:46 GMT-0600 (Central Standard Time)
correct 	spelling 	3.1secs 	enigma 	e_____ 	== 	_nigma 	RunAve=runAve: 23/25 92% 4.9secs 	Tue Jan 12 2021 17:07:07 GMT-0600 (Central Standard Time)
wrong 	spelling 	1.8secs 	shame 	s____ 	!= 	_aeme 	RunAve=runAve: 22/25 88% 4.8secs 	Tue Jan 12 2021 17:07:26 GMT-0600 (Central Standard Time)
correct 	spelling 	2.1secs 	game 	g___ 	== 	_ame 	RunAve=runAve: 23/25 92% 4.6secs 	Tue Jan 12 2021 17:07:46 GMT-0600 (Central Standard Time)
correct 	spelling 	1.4secs 	shame 	s____ 	== 	_hame 	RunAve=runAve: 23/25 92% 4.6secs 	Tue Jan 12 2021 17:08:06 GMT-0600 (Central Standard Time)
wrong 	spelling 	3.6secs 	came 	c___ 	!= 	_ume 	RunAve=runAve: 22/25 88% 4.5secs 	Tue Jan 12 2021 17:08:28 GMT-0600 (Central Standard Time)
wrong 	spelling 	1.2secs 	came 	c___ 	!= 	_ume 	RunAve=runAve: 21/25 84% 4.4secs 	Tue Jan 12 2021 17:09:25 GMT-0600 (Central Standard Time)
correct 	spelling 	5.9secs 	came 	c___ 	== 	_ame 	RunAve=runAve: 22/25 88% 4.7secs 	Tue Jan 12 2021 17:10:30 GMT-0600 (Central Standard Time)
correct 	math 	2.1secs 	1 * 8 	What is 1 * 8? 	== 	8 	RunAve=runAve: 22/25 88% 3.0secs 	Tue Jan 12 2021 17:11:07 GMT-0600 (Central Standard Time)
wrong 	spelling 	3.7secs 	shrivel 	shri___ 	!= 	____vol 	RunAve=runAve: 21/25 84% 3.1secs 	Tue Jan 12 2021 17:11:28 GMT-0600 (Central Standard Time)
correct 	spelling 	3.9secs 	ravel 	r____ 	== 	_avel 	RunAve=runAve: 21/25 84% 3.1secs 	Tue Jan 12 2021 17:11:48 GMT-0600 (Central Standard Time)
correct 	spelling 	3.6secs 	gravel 	gra___ 	== 	___vel 	RunAve=runAve: 21/25 84% 3.2secs 	Tue Jan 12 2021 17:12:08 GMT-0600 (Central Standard Time)
correct 	spelling 	3.2secs 	grovel 	g_____ 	== 	_rovel 	RunAve=runAve: 21/25 84% 3.1secs 	Tue Jan 12 2021 17:12:28 GMT-0600 (Central Standard Time)
wrong 	spelling 	6.2secs 	shrivel 	s______ 	!= 	_riivel 	RunAve=runAve: 20/25 80% 3.2secs 	Tue Jan 12 2021 17:12:51 GMT-0600 (Central Standard Time)
correct 	spelling 	3.0secs 	ravel 	r____ 	== 	_avel 	RunAve=runAve: 20/25 80% 3.2secs 	Tue Jan 12 2021 17:13:07 GMT-0600 (Central Standard Time)
wrong 	spelling 	5.0secs 	gravel 	g_____ 	!= 	_revel 	RunAve=runAve: 19/25 76% 3.2secs 	Tue Jan 12 2021 17:13:29 GMT-0600 (Central Standard Time)
correct 	spelling 	4.1secs 	grovel 	g_____ 	== 	_rovel 	RunAve=runAve: 19/25 76% 3.2secs 	Tue Jan 12 2021 17:13:49 GMT-0600 (Central Standard Time)
wrong 	spelling 	3.3secs 	shrivel 	sh_____ 	!= 	__hrifl 	RunAve=runAve: 18/25 72% 3.1secs 	Tue Jan 12 2021 17:14:08 GMT-0600 (Central Standard Time)
correct 	spelling 	2.4secs 	ravel 	r____ 	== 	_avel 	RunAve=runAve: 18/25 72% 3.1secs 	Tue Jan 12 2021 17:14:27 GMT-0600 (Central Standard Time)
correct 	spelling 	5.3secs 	gravel 	gra___ 	== 	___vel 	RunAve=runAve: 18/25 72% 3.2secs 	Tue Jan 12 2021 17:14:50 GMT-0600 (Central Standard Time)
correct 	spelling 	2.5secs 	grovel 	g_____ 	== 	_rovel 	RunAve=runAve: 18/25 72% 3.2secs 	Tue Jan 12 2021 17:15:07 GMT-0600 (Central Standard Time)
correct 	spelling 	6.7secs 	shrivel 	sh_____ 	== 	__rivel 	RunAve=runAve: 18/25 72% 3.3secs 	Tue Jan 12 2021 17:15:31 GMT-0600 (Central Standard Time)
correct 	math 	2.8secs 	0 + 1 	What is 0 + 1? 	== 	1 	RunAve=runAve: 18/25 72% 3.3secs 	Tue Jan 12 2021 17:15:47 GMT-0600 (Central Standard Time)
correct 	math 	2.0secs 	1 + 1 	What is 1 + 1? 	== 	2 	RunAve=runAve: 18/25 72% 3.3secs 	Tue Jan 12 2021 17:16:07 GMT-0600 (Central Standard Time)
correct 	math 	6.8secs 	2 + 3 	What is 2 + 3? 	== 	5 	RunAve=runAve: 18/25 72% 3.5secs 	Tue Jan 12 2021 17:16:31 GMT-0600 (Central Standard Time)
correct 	spelling 	2.0secs 	rob 	r__ 	== 	_ob 	RunAve=runAve: 18/25 72% 3.5secs 	Tue Jan 12 2021 17:16:47 GMT-0600 (Central Standard Time)
correct 	spelling 	6.4secs 	moan 	m___ 	== 	_oan 	RunAve=runAve: 18/25 72% 3.6secs 	Tue Jan 12 2021 17:17:11 GMT-0600 (Central Standard Time)
wrong 	spelling 	6.0secs 	express 	exp____ 	!= 	___pres 	RunAve=runAve: 18/25 72% 3.8secs 	Tue Jan 12 2021 17:17:31 GMT-0600 (Central Standard Time)
correct 	spelling 	3.9secs 	redress 	r______ 	== 	_edress 	RunAve=runAve: 18/25 72% 3.9secs 	Tue Jan 12 2021 17:17:49 GMT-0600 (Central Standard Time)
correct 	spelling 	4.7secs 	depress 	de_____ 	== 	__press 	RunAve=runAve: 18/25 72% 4.0secs 	Tue Jan 12 2021 17:18:09 GMT-0600 (Central Standard Time)
correct 	spelling 	6.4secs 	express 	ex_____ 	== 	__press 	RunAve=runAve: 19/25 76% 4.1secs 	Tue Jan 12 2021 17:18:51 GMT-0600 (Central Standard Time)
correct 	math 	7.1secs 	8 * 3 	What is 8 * 3? 	== 	24 	RunAve=runAve: 20/25 80% 4.4secs 	Tue Jan 12 2021 17:19:32 GMT-0600 (Central Standard Time)
correct 	math 	2.5secs 	7 * 9 	What is 7 * 9? 	== 	63 	RunAve=runAve: 20/25 80% 4.2secs 	Tue Jan 12 2021 17:21:27 GMT-0600 (Central Standard Time)
correct 	spelling 	3.4secs 	mute 	m___ 	== 	_ute 	RunAve=runAve: 20/25 80% 4.3secs 	Tue Jan 12 2021 17:21:48 GMT-0600 (Central Standard Time)
correct 	spelling 	1.8secs 	hush 	h___ 	== 	_ush 	RunAve=runAve: 21/25 84% 4.2secs 	Tue Jan 12 2021 17:22:07 GMT-0600 (Central Standard Time)
correct 	math 	6.1secs 	6 * 11 	What is 6 * 11? 	== 	66 	RunAve=runAve: 21/25 84% 4.3secs 	Tue Jan 12 2021 17:22:31 GMT-0600 (Central Standard Time)
correct 	spelling 	2.2secs 	song 	s___ 	== 	_ong 	RunAve=runAve: 21/25 84% 4.2secs 	Tue Jan 12 2021 17:22:47 GMT-0600 (Central Standard Time)
correct 	spelling 	2.7secs 	mess 	m___ 	== 	_ess 	RunAve=runAve: 21/25 84% 4.2secs 	Tue Jan 12 2021 17:23:08 GMT-0600 (Central Standard Time)
wrong 	spelling 	2.9secs 	berate 	ber___ 	!= 	___ete 	RunAve=runAve: 21/25 84% 4.1secs 	Tue Jan 12 2021 17:23:28 GMT-0600 (Central Standard Time)
wrong 	spelling 	2.2secs 	berate 	b_____ 	!= 	_erute 	RunAve=runAve: 20/25 80% 4.1secs 	Tue Jan 12 2021 17:23:47 GMT-0600 (Central Standard Time)
correct 	spelling 	1.8secs 	elate 	e____ 	== 	_late 	RunAve=runAve: 21/25 84% 3.9secs 	Tue Jan 12 2021 17:24:07 GMT-0600 (Central Standard Time)
correct 	spelling 	4.3secs 	relate 	r_____ 	== 	_elate 	RunAve=runAve: 21/25 84% 3.9secs 	Tue Jan 12 2021 17:24:29 GMT-0600 (Central Standard Time)
correct 	spelling 	2.2secs 	estate 	e_____ 	== 	_state 	RunAve=runAve: 22/25 88% 3.9secs 	Tue Jan 12 2021 17:24:47 GMT-0600 (Central Standard Time)
wrong 	spelling 	7.7secs 	berate 	b_____ 	!= 	_ratte 	RunAve=runAve: 21/25 84% 4.1secs 	Tue Jan 12 2021 17:25:13 GMT-0600 (Central Standard Time)
wrong 	spelling 	2.2secs 	elate 	e____ 	!= 	_lete 	RunAve=runAve: 20/25 80% 4.0secs 	Tue Jan 12 2021 17:25:27 GMT-0600 (Central Standard Time)
correct 	spelling 	2.2secs 	relate 	rel___ 	== 	___ate 	RunAve=runAve: 20/25 80% 4.0secs 	Tue Jan 12 2021 17:25:47 GMT-0600 (Central Standard Time)
correct 	spelling 	7.1secs 	estate 	e_____ 	== 	_state 	RunAve=runAve: 20/25 80% 4.0secs 	Tue Jan 12 2021 17:26:12 GMT-0600 (Central Standard Time)
correct 	spelling 	2.1secs 	berate 	ber___ 	== 	___ate 	RunAve=runAve: 20/25 80% 4.0secs 	Tue Jan 12 2021 17:26:27 GMT-0600 (Central Standard Time)
correct 	spelling 	1.6secs 	elate 	e____ 	== 	_late 	RunAve=runAve: 20/25 80% 3.9secs 	Tue Jan 12 2021 17:26:47 GMT-0600 (Central Standard Time)
wrong 	spelling 	3.4secs 	estate 	e_____ 	!= 	_stete 	RunAve=runAve: 19/25 76% 3.8secs 	Tue Jan 12 2021 17:27:28 GMT-0600 (Central Standard Time)
wrong 	spelling 	5.8secs 	berate 	b_____ 	!= 	_ratte 	RunAve=runAve: 18/25 72% 3.9secs 	Tue Jan 12 2021 17:27:51 GMT-0600 (Central Standard Time)
wrong 	spelling 	1.3secs 	elate 	e____ 	!= 	_lete 	RunAve=runAve: 17/25 68% 3.7secs 	Tue Jan 12 2021 17:28:06 GMT-0600 (Central Standard Time)
correct 	spelling 	7.1secs 	berate 	b_____ 	== 	_erate 	RunAve=runAve: 18/25 72% 3.8secs 	Tue Jan 12 2021 17:30:42 GMT-0600 (Central Standard Time)
correct 	spelling 	3.4secs 	elate 	e____ 	== 	_late 	RunAve=runAve: 18/25 72% 3.8secs 	Tue Jan 12 2021 17:30:58 GMT-0600 (Central Standard Time)
correct 	spelling 	4.0secs 	relate 	r_____ 	== 	_elate 	RunAve=runAve: 18/25 72% 3.7secs 	Tue Jan 12 2021 17:31:19 GMT-0600 (Central Standard Time)
correct 	spelling 	3.2secs 	berate 	b_____ 	== 	_erate 	RunAve=runAve: 18/25 72% 3.6secs 	Tue Jan 12 2021 17:31:58 GMT-0600 (Central Standard Time)
correct 	spelling 	6.6secs 	elate 	e____ 	== 	_late 	RunAve=runAve: 18/25 72% 3.6secs 	Tue Jan 12 2021 17:32:21 GMT-0600 (Central Standard Time)
correct 	spelling 	3.6secs 	relate 	re____ 	== 	__late 	RunAve=runAve: 18/25 72% 3.6secs 	Tue Jan 12 2021 17:32:38 GMT-0600 (Central Standard Time)
correct 	spelling 	4.4secs 	estate 	e_____ 	== 	_state 	RunAve=runAve: 18/25 72% 3.7secs 	Tue Jan 12 2021 17:32:59 GMT-0600 (Central Standard Time)
correct 	spelling 	3.4secs 	breath 	br____ 	== 	__eath 	RunAve=runAve: 18/25 72% 3.7secs 	Tue Jan 12 2021 17:33:18 GMT-0600 (Central Standard Time)
correct 	spelling 	2.2secs 	wake 	w___ 	== 	_ake 	RunAve=runAve: 18/25 72% 3.6secs 	Tue Jan 12 2021 17:33:37 GMT-0600 (Central Standard Time)
correct 	spelling 	3.0secs 	deposit 	dep____ 	== 	___osit 	RunAve=runAve: 18/25 72% 3.6secs 	Tue Jan 12 2021 17:33:58 GMT-0600 (Central Standard Time)
wrong 	spelling 	4.7secs 	meet 	m___ 	!= 	_aet 	RunAve=runAve: 17/25 68% 3.7secs 	Tue Jan 12 2021 17:35:20 GMT-0600 (Central Standard Time)
correct 	spelling 	4.4secs 	beet 	b___ 	== 	_eet 	RunAve=runAve: 18/25 72% 3.8secs 	Tue Jan 12 2021 17:35:39 GMT-0600 (Central Standard Time)
wrong 	spelling 	5.0secs 	beetle 	bee___ 	!= 	___lle 	RunAve=runAve: 18/25 72% 3.9secs 	Tue Jan 12 2021 17:36:00 GMT-0600 (Central Standard Time)
correct 	spelling 	1.9secs 	meet 	m___ 	== 	_eet 	RunAve=runAve: 18/25 72% 3.9secs 	Tue Jan 12 2021 17:36:17 GMT-0600 (Central Standard Time)
correct 	spelling 	1.2secs 	feet 	f___ 	== 	_eet 	RunAve=runAve: 18/25 72% 3.8secs 	Tue Jan 12 2021 17:36:36 GMT-0600 (Central Standard Time)
correct 	spelling 	2.8secs 	beet 	b___ 	== 	_eet 	RunAve=runAve: 18/25 72% 3.8secs 	Tue Jan 12 2021 17:36:58 GMT-0600 (Central Standard Time)
correct 	spelling 	1.7secs 	beetle 	b_____ 	== 	_eetle 	RunAve=runAve: 19/25 76% 3.5secs 	Tue Jan 12 2021 17:37:17 GMT-0600 (Central Standard Time)
correct 	spelling 	1.7secs 	meet 	m___ 	== 	_eet 	RunAve=runAve: 20/25 80% 3.5secs 	Tue Jan 12 2021 17:37:37 GMT-0600 (Central Standard Time)
correct 	spelling 	1.2secs 	feet 	f___ 	== 	_eet 	RunAve=runAve: 20/25 80% 3.5secs 	Tue Jan 12 2021 17:37:56 GMT-0600 (Central Standard Time)
correct 	spelling 	3.1secs 	needle 	nee___ 	== 	___dle 	RunAve=runAve: 20/25 80% 3.3secs 	Tue Jan 12 2021 17:38:18 GMT-0600 (Central Standard Time)
correct 	math 	6.0secs 	11 - 9 	What is 11 - 9? 	== 	2 	RunAve=runAve: 20/25 80% 3.5secs 	Tue Jan 12 2021 17:38:41 GMT-0600 (Central Standard Time)
correct 	math 	4.3secs 	8 + 2 	What is 8 + 2? 	== 	10 	RunAve=runAve: 20/25 80% 3.6secs 	Tue Jan 12 2021 17:38:59 GMT-0600 (Central Standard Time)
correct 	math 	4.4secs 	8 * 12 	What is 8 * 12? 	== 	96 	RunAve=runAve: 21/25 84% 3.6secs 	Tue Jan 12 2021 17:39:19 GMT-0600 (Central Standard Time)
correct 	math 	4.6secs 	11 * -2 	What is 11 * -2? 	== 	-22 	RunAve=runAve: 22/25 88% 3.6secs 	Tue Jan 12 2021 17:39:40 GMT-0600 (Central Standard Time)
correct 	math 	3.0secs 	10 * 12 	What is 10 * 12? 	== 	120 	RunAve=runAve: 23/25 92% 3.6secs 	Tue Jan 12 2021 17:39:58 GMT-0600 (Central Standard Time)
correct 	spelling 	2.7secs 	waft 	w___ 	== 	_aft 	RunAve=runAve: 23/25 92% 3.5secs 	Tue Jan 12 2021 17:40:18 GMT-0600 (Central Standard Time)
correct 	spelling 	3.4secs 	sister 	s_____ 	== 	_ister 	RunAve=runAve: 23/25 92% 3.5secs 	Tue Jan 12 2021 17:40:38 GMT-0600 (Central Standard Time)
correct 	math 	1.6secs 	12 * 12 	What is 12 * 12? 	== 	144 	RunAve=runAve: 23/25 92% 3.4secs 	Tue Jan 12 2021 17:40:57 GMT-0600 (Central Standard Time)
correct 	spelling 	3.2secs 	magic 	m____ 	== 	_agic 	RunAve=runAve: 23/25 92% 3.4secs 	Tue Jan 12 2021 17:41:18 GMT-0600 (Central Standard Time)
correct 	math 	2.5secs 	2 * 0 	What is 2 * 0? 	== 	0 	RunAve=runAve: 23/25 92% 3.2secs 	Tue Jan 12 2021 17:42:58 GMT-0600 (Central Standard Time)
correct 	math 	2.0secs 	7 * 8 	What is 7 * 8? 	== 	56 	RunAve=runAve: 23/25 92% 3.1secs 	Tue Jan 12 2021 17:44:57 GMT-0600 (Central Standard Time)
wrong 	spelling 	3.8secs 	predict 	p______ 	!= 	_redist 	RunAve=runAve: 22/25 88% 3.1secs 	Tue Jan 12 2021 17:45:19 GMT-0600 (Central Standard Time)
correct 	spelling 	3.0secs 	record 	r_____ 	== 	_ecord 	RunAve=runAve: 22/25 88% 3.1secs 	Tue Jan 12 2021 17:45:58 GMT-0600 (Central Standard Time)
correct 	spelling 	2.0secs 	predict 	p______ 	== 	_redict 	RunAve=runAve: 22/25 88% 3.1secs 	Tue Jan 12 2021 17:46:17 GMT-0600 (Central Standard Time)
correct 	spelling 	3.6secs 	expect 	e_____ 	== 	_xpect 	RunAve=runAve: 22/25 88% 3.1secs 	Tue Jan 12 2021 17:46:39 GMT-0600 (Central Standard Time)
correct 	spelling 	0.3secs 	invite 	inv___ 	== 	___ite 	RunAve=runAve: 23/25 92% 2.9secs 	Tue Jan 12 2021 17:46:56 GMT-0600 (Central Standard Time)
correct 	spelling 	4.1secs 	bake 	b___ 	== 	_ake 	RunAve=runAve: 23/25 92% 2.9secs 	Tue Jan 12 2021 17:47:19 GMT-0600 (Central Standard Time)
wrong 	spelling 	4.0secs 	tamper 	t_____ 	!= 	_emper 	RunAve=runAve: 23/25 92% 2.9secs 	Tue Jan 12 2021 17:47:39 GMT-0600 (Central Standard Time)
correct 	spelling 	1.6secs 	tamper 	t_____ 	== 	_amper 	RunAve=runAve: 23/25 92% 2.9secs 	Tue Jan 12 2021 17:47:57 GMT-0600 (Central Standard Time)
wrong 	spelling 	2.3secs 	hamper 	ham___ 	!= 	___mer 	RunAve=runAve: 22/25 88% 2.9secs 	Tue Jan 12 2021 17:48:18 GMT-0600 (Central Standard Time)
wrong 	spelling 	6.9secs 	perhaps 	pe_____ 	!= 	__rhups 	RunAve=runAve: 21/25 84% 3.1secs 	Tue Jan 12 2021 17:48:42 GMT-0600 (Central Standard Time)
correct 	spelling 	5.6secs 	persist 	p______ 	== 	_ersist 	RunAve=runAve: 21/25 84% 3.2secs 	Tue Jan 12 2021 17:49:01 GMT-0600 (Central Standard Time)
correct 	spelling 	2.3secs 	crown 	cr___ 	== 	__own 	RunAve=runAve: 21/25 84% 3.2secs 	Tue Jan 12 2021 17:49:18 GMT-0600 (Central Standard Time)
wrong 	spelling 	2.1secs 	tamper 	t_____ 	!= 	_emper 	RunAve=runAve: 20/25 80% 3.3secs 	Tue Jan 12 2021 17:49:37 GMT-0600 (Central Standard Time)
correct 	spelling 	3.4secs 	hamper 	h_____ 	== 	_amper 	RunAve=runAve: 20/25 80% 3.3secs 	Tue Jan 12 2021 17:49:59 GMT-0600 (Central Standard Time)
wrong 	spelling 	3.1secs 	perhaps 	p______ 	!= 	_orhaps 	RunAve=runAve: 19/25 76% 3.2secs 	Tue Jan 12 2021 17:50:19 GMT-0600 (Central Standard Time)
wrong 	spelling 	2.3secs 	persist 	p______ 	!= 	_orsist 	RunAve=runAve: 18/25 72% 3.1secs 	Tue Jan 12 2021 17:50:38 GMT-0600 (Central Standard Time)
wrong 	spelling 	2.9secs 	tamper 	t_____ 	!= 	_ampor 	RunAve=runAve: 17/25 68% 3.0secs 	Tue Jan 12 2021 17:50:58 GMT-0600 (Central Standard Time)
correct 	spelling 	2.7secs 	hamper 	h_____ 	== 	_amper 	RunAve=runAve: 17/25 68% 3.0secs 	Tue Jan 12 2021 17:51:18 GMT-0600 (Central Standard Time)
correct 	spelling 	1.6secs 	perhaps 	p______ 	== 	_erhaps 	RunAve=runAve: 17/25 68% 2.9secs 	Tue Jan 12 2021 17:51:37 GMT-0600 (Central Standard Time)
wrong 	spelling 	9.9secs 	persist 	p______ 	!= 	_orsist 	RunAve=runAve: 16/25 64% 3.2secs 	Tue Jan 12 2021 17:52:05 GMT-0600 (Central Standard Time)
wrong 	spelling 	2.7secs 	tamper 	t_____ 	!= 	_imper 	RunAve=runAve: 15/25 60% 3.2secs 	Tue Jan 12 2021 17:52:18 GMT-0600 (Central Standard Time)
wrong 	spelling 	1.4secs 	hamper 	ha____ 	!= 	__amer 	RunAve=runAve: 14/25 56% 3.2secs 	Tue Jan 12 2021 17:52:37 GMT-0600 (Central Standard Time)
correct 	spelling 	4.5secs 	hamper 	h_____ 	== 	_amper 	RunAve=runAve: 14/25 56% 3.2secs 	Tue Jan 12 2021 17:54:00 GMT-0600 (Central Standard Time)
correct 	spelling 	3.7secs 	persist 	pers___ 	== 	____ist 	RunAve=runAve: 14/25 56% 3.3secs 	Tue Jan 12 2021 17:54:39 GMT-0600 (Central Standard Time)
correct 	spelling 	3.1secs 	hamper 	h_____ 	== 	_amper 	RunAve=runAve: 14/25 56% 3.3secs 	Tue Jan 12 2021 17:55:19 GMT-0600 (Central Standard Time)
correct 	spelling 	7.7secs 	tamper 	ta____ 	== 	__mper 	RunAve=runAve: 15/25 60% 3.5secs 	Tue Jan 12 2021 17:56:23 GMT-0600 (Central Standard Time)
correct 	spelling 	4.0secs 	hamper 	h_____ 	== 	_amper 	RunAve=runAve: 15/25 60% 3.5secs 	Tue Jan 12 2021 17:56:40 GMT-0600 (Central Standard Time)
correct 	math 	0.3secs 	12 * 5 	What is 12 * 5? 	== 	60 	RunAve=runAve: 15/25 60% 3.4secs 	Tue Jan 12 2021 17:57:36 GMT-0600 (Central Standard Time)
wrong 	spelling 	11.8secs 	particular 	p_________ 	!= 	_artisular 	RunAve=runAve: 14/25 56% 3.8secs 	Tue Jan 12 2021 17:58:07 GMT-0600 (Central Standard Time)
wrong 	spelling 	4.6secs 	singular 	si______ 	!= 	__gullar 	RunAve=runAve: 13/25 52% 3.9secs 	Tue Jan 12 2021 17:58:40 GMT-0600 (Central Standard Time)
wrong 	spelling 	5.4secs 	particular 	part______ 	!= 	____isular 	RunAve=runAve: 12/25 48% 4.0secs 	Tue Jan 12 2021 17:59:01 GMT-0600 (Central Standard Time)
wrong 	spelling 	19.4secs 	angular 	angu___ 	!= 	____lur 	RunAve=runAve: 12/25 48% 4.6secs 	Tue Jan 12 2021 17:59:55 GMT-0600 (Central Standard Time)
correct 	spelling 	10.9secs 	singular 	singu___ 	== 	_____lar 	RunAve=runAve: 12/25 48% 5.0secs 	Tue Jan 12 2021 18:00:07 GMT-0600 (Central Standard Time)
correct 	spelling 	3.5secs 	particular 	part______ 	== 	____icular 	RunAve=runAve: 13/25 52% 5.0secs 	Tue Jan 12 2021 18:00:19 GMT-0600 (Central Standard Time)
correct 	spelling 	8.1secs 	regular 	reg____ 	== 	___ular 	RunAve=runAve: 14/25 56% 5.1secs 	Tue Jan 12 2021 18:00:44 GMT-0600 (Central Standard Time)
correct 	spelling 	4.8secs 	angular 	a______ 	== 	_ngular 	RunAve=runAve: 14/25 56% 5.0secs 	Tue Jan 12 2021 18:01:01 GMT-0600 (Central Standard Time)
correct 	spelling 	2.4secs 	singular 	sin_____ 	== 	___gular 	RunAve=runAve: 14/25 56% 5.1secs 	Tue Jan 12 2021 18:01:18 GMT-0600 (Central Standard Time)
correct 	spelling 	4.6secs 	particular 	pa________ 	== 	__rticular 	RunAve=runAve: 15/25 60% 5.2secs 	Tue Jan 12 2021 18:01:40 GMT-0600 (Central Standard Time)
correct 	spelling 	4.9secs 	regular 	re_____ 	== 	__gular 	RunAve=runAve: 15/25 60% 5.2secs 	Tue Jan 12 2021 18:02:01 GMT-0600 (Central Standard Time)
correct 	math 	3.3secs 	9 + 0 	What is 9 + 0? 	== 	9 	RunAve=runAve: 16/25 64% 5.2secs 	Tue Jan 12 2021 18:02:19 GMT-0600 (Central Standard Time)
correct 	math 	2.4secs 	8 + 0 	What is 8 + 0? 	== 	8 	RunAve=runAve: 17/25 68% 5.2secs 	Tue Jan 12 2021 18:02:38 GMT-0600 (Central Standard Time)
correct 	spelling 	4.1secs 	gloom 	gl___ 	== 	__oom 	RunAve=runAve: 18/25 72% 5.3secs 	Tue Jan 12 2021 18:04:40 GMT-0600 (Central Standard Time)
correct 	math 	5.2secs 	8 / 4 	What is 8 / 4? 	== 	2 	RunAve=runAve: 18/25 72% 5.4secs 	Tue Jan 12 2021 18:05:01 GMT-0600 (Central Standard Time)
correct 	math 	2.6secs 	1 * 11 	What is 1 * 11? 	== 	11 	RunAve=runAve: 18/25 72% 5.4secs 	Tue Jan 12 2021 18:05:59 GMT-0600 (Central Standard Time)
correct 	math 	17.8secs 	-6 * 7 	What is -6 * 7? 	== 	-42 	RunAve=runAve: 19/25 76% 5.7secs 	Tue Jan 12 2021 18:06:34 GMT-0600 (Central Standard Time)
correct 	spelling 	1.3secs 	feed 	f___ 	== 	_eed 	RunAve=runAve: 20/25 80% 5.7secs 	Tue Jan 12 2021 18:06:37 GMT-0600 (Central Standard Time)
correct 	math 	10.3secs 	-8 + 8 	What is -8 + 8? 	== 	0 	RunAve=runAve: 21/25 84% 6.0secs 	Tue Jan 12 2021 18:07:06 GMT-0600 (Central Standard Time)
correct 	math 	15.7secs 	8 * 2 	What is 8 * 2? 	== 	16 	RunAve=runAve: 21/25 84% 6.5secs 	Tue Jan 12 2021 18:07:32 GMT-0600 (Central Standard Time)
correct 	spelling 	3.4secs 	rude 	r___ 	== 	_ude 	RunAve=runAve: 21/25 84% 6.5secs 	Tue Jan 12 2021 18:08:20 GMT-0600 (Central Standard Time)
correct 	math 	2.1secs 	12 * 11 	What is 12 * 11? 	== 	132 	RunAve=runAve: 21/25 84% 6.4secs 	Tue Jan 12 2021 18:08:38 GMT-0600 (Central Standard Time)
correct 	math 	7.3secs 	10 - -7 	What is 10 - -7? 	== 	17 	RunAve=runAve: 21/25 84% 6.4secs 	Tue Jan 12 2021 18:09:03 GMT-0600 (Central Standard Time)
correct 	math 	2.8secs 	12 * 11 	What is 12 * 11? 	== 	132 	RunAve=runAve: 21/25 84% 6.4secs 	Tue Jan 12 2021 18:09:39 GMT-0600 (Central Standard Time)
correct 	math 	2.1secs 	72 / 9 	What is 72 / 9? 	== 	8 	RunAve=runAve: 21/25 84% 6.4secs 	Tue Jan 12 2021 18:09:58 GMT-0600 (Central Standard Time)
correct 	spelling 	2.5secs 	go 	g_ 	== 	_o 	RunAve=runAve: 22/25 88% 6.1secs 	Tue Jan 12 2021 18:10:19 GMT-0600 (Central Standard Time)
correct 	math 	13.8secs 	12 + 9 	What is 12 + 9? 	== 	21 	RunAve=runAve: 23/25 92% 6.4secs 	Tue Jan 12 2021 18:10:50 GMT-0600 (Central Standard Time)
wrong 	spelling 	4.0secs 	relent 	re____ 	!= 	__elet 	RunAve=runAve: 23/25 92% 6.4secs 	Tue Jan 12 2021 18:11:00 GMT-0600 (Central Standard Time)
correct 	spelling 	3.4secs 	rebel 	r____ 	== 	_ebel 	RunAve=runAve: 24/25 96% 5.7secs 	Tue Jan 12 2021 18:11:20 GMT-0600 (Central Standard Time)
correct 	spelling 	2.8secs 	repel 	re___ 	== 	__pel 	RunAve=runAve: 24/25 96% 5.4secs 	Tue Jan 12 2021 18:11:39 GMT-0600 (Central Standard Time)
correct 	spelling 	2.3secs 	relent 	r_____ 	== 	_elent 	RunAve=runAve: 24/25 96% 5.4secs 	Tue Jan 12 2021 18:11:59 GMT-0600 (Central Standard Time)
wrong 	spelling 	5.8secs 	regret 	r_____ 	!= 	_egrot 	RunAve=runAve: 23/25 92% 5.3secs 	Tue Jan 12 2021 18:12:22 GMT-0600 (Central Standard Time)
correct 	spelling 	2.6secs 	regret 	r_____ 	== 	_egret 	RunAve=runAve: 23/25 92% 5.2secs 	Tue Jan 12 2021 18:13:39 GMT-0600 (Central Standard Time)
correct 	spelling 	2.6secs 	bulk 	b___ 	== 	_ulk 	RunAve=runAve: 23/25 92% 5.2secs 	Tue Jan 12 2021 18:13:59 GMT-0600 (Central Standard Time)
correct 	math 	3.3secs 	1 + 10 	What is 1 + 10? 	== 	11 	RunAve=runAve: 23/25 92% 5.1secs 	Tue Jan 12 2021 18:14:20 GMT-0600 (Central Standard Time)
correct 	math 	2.6secs 	1 * 12 	What is 1 * 12? 	== 	12 	RunAve=runAve: 23/25 92% 5.0secs 	Tue Jan 12 2021 18:14:39 GMT-0600 (Central Standard Time)
correct 	math 	26.4secs 	-11 * 10 	What is -11 * 10? 	== 	-110 	RunAve=runAve: 23/25 92% 6.0secs 	Tue Jan 12 2021 18:15:23 GMT-0600 (Central Standard Time)
correct 	math 	2.4secs 	81 / 9 	What is 81 / 9? 	== 	9 	RunAve=runAve: 23/25 92% 6.0secs 	Tue Jan 12 2021 18:15:39 GMT-0600 (Central Standard Time)
correct 	math 	2.8secs 	-7 * 11 	What is -7 * 11? 	== 	-77 	RunAve=runAve: 23/25 92% 5.9secs 	Tue Jan 12 2021 18:15:59 GMT-0600 (Central Standard Time)
correct 	math 	13.9secs 	5 + -9 	What is 5 + -9? 	== 	-4 	RunAve=runAve: 23/25 92% 6.3secs 	Tue Jan 12 2021 18:16:30 GMT-0600 (Central Standard Time)
correct 	math 	2.8secs 	3 * 11 	What is 3 * 11? 	== 	33 	RunAve=runAve: 23/25 92% 6.3secs 	Tue Jan 12 2021 18:16:39 GMT-0600 (Central Standard Time)
